{
  "Apple": 0.521978022,
  "Banana": 0.888,
  "Blueberries": 0.5675675676,
  "Bread": 2.857142857,
  "Broccoli": 0.3404605263,
  "Cantaloupe": 0.3333333333,
  "Carrot": 0.4098360656,
  "Cauliflower": 0.2307692308,
  "Cherry Tomato": 1,
  "Chives": 0.3333333333,
  "Chicken Breast": 1.633802817,
  "Clementine": 0.472972973,
  "Egg": 1.56,
  "Garlic": 1.333333333,
  "Grapes": 0.6887417219,
  "Honeydew": 0.36,
  "Jujube": 0.7760141093,
  "Mushrooms": 0.1851851852,
  "Onion": 0.4,
  "Orange": 0.4732824427,
  "Pear": 0.5674157303,
  "Pineapple": 0.5005524862,
  "Potato": 0.7699530516,
  "Raisins": 2.993103448,
  "Strawberries": 0.3223684211,
  "Sweet Potato": 0.8615384615
}
